Year,UK Index Adjusted 1209,USA index Adjusted 1700,Farm Laborers,Coal Miners,Building Laborers,Building Craftsmen,United States Dollar,United Kingdom Pound,
Type,1209 = 1,1700 = 1,Pound/day,Pound/day,Pound/day,Pound/day,Dollar (1785-date),"Pound sterling (1158-1970)+Pound sterling (decimalized, 1971-date)",
Country,UK,USA,England,England,England,England,United States,United Kingdom,
1209,1,,0.005723528,0,0.00654337,0.011599676,1,4.55,
1210,1.025772466,,0.005723528,0,0.00654337,0.011599676,1,4.55,
1211,1.151143287,,0.004865035,0,0.00654337,0.008662435,1,4.55,
1212,1.009271176,,0.004977689,0,0.00654337,0.008662435,1,4.55,
1213,1.009271176,,0.004977689,0,0.00654337,0.008662435,1,4.55,
1214,0.942401219,,0.005957517,0,0.00654337,0.008662435,1,4.55,
1215,0.942401219,,0.005957517,0,0.00654337,0.008662435,1,4.55,
1216,1.065745709,,0.005281801,0,0.00654337,0.008662435,1,4.55,
1217,1.233908926,,0.005281801,0,0.00654337,0.008662435,1,4.55,
1218,1.43897518,,0.004754062,0,0.00654337,0.008662435,1,4.55,
1219,1.393924033,,0.005727919,0,0.00654337,0.008662435,1,4.55,
1220,1.217295094,,0.005060546,0,0.00654337,0.010245754,1,4.55,
1221,1.362849075,,0.005407226,0,0.00654337,0.010744063,1,4.55,
1222,1.362849075,,0.005407226,0,0.006621476,0.009900446,1,4.55,
1223,0.971661065,,0.005407226,0,0.006621476,0.009900446,1,4.55,
1224,1.071999972,,0.005447596,0,0.006621476,0.009900446,1,4.55,
1225,1.6043204,,0.00530379,0,0.006621476,0.009900446,1,4.55,
1226,1.45087621,,0.005270026,0,0.006621476,0.012325266,1,4.55,
1227,1.451066467,,0.004747198,0,0.007159485,0.011012486,1,4.55,
1228,1.451066467,,0.004747198,0,0.007159485,0.011012486,1,4.55,
1229,1.451066467,,0.004747198,0,0.007159485,0.011012486,1,4.55,
1230,1.451066467,,0.004747198,0,0.007159485,0.011012486,1,4.55,
1231,1.451066467,,0.004747198,0,0.007159485,0.011012486,1,4.55,
1232,1.324219481,,0.00476383,0,0.007159485,0.011012486,1,4.55,
1233,1.24518501,,0.005032537,0,0.007159485,0.011012486,1,4.55,
1234,1.24518501,,0.005032537,0,0.007159485,0.011012486,1,4.55,
1235,1.266347878,,0.005032537,0,0.007159485,0.011012486,1,4.55,
1236,1.230306319,,0.004861876,0,0.007159485,0.011012486,1,4.55,
1237,1.35622656,,0.004990574,0,0.007159485,0.011012486,1,4.55,
1238,1.35622656,,0.004990574,0,0.007159485,0.011012486,1,4.55,
1239,1.35622656,,0.004990574,0,0.007159485,0.011012486,1,4.55,
1240,1.35622656,,0.004990574,0,0.007159485,0.011012486,1,4.55,
1241,1.35622656,,0.004990574,0,0.007159485,0.011012486,1,4.55,
1242,1.35622656,,0.004990574,0,0.007159485,0.011012486,1,4.55,
1243,1.35622656,,0.004990574,0,0.007159485,0.011012486,1,4.55,
1244,1.35622656,,0.004990574,0,0.007159485,0.011012486,1,4.55,
1245,1.077015466,,0.004946905,0,0.007159485,0.011012486,1,4.55,
1246,1.240166467,,0.005251057,0,0.007031274,0.013465094,1,4.55,
1247,1.641503716,,0.005250178,0,0.007031274,0.012670383,1,4.55,
1248,1.620738283,,0.005143931,0,0.008622159,0.012670383,1,4.55,
1249,1.198378375,,0.005383502,0,0.008622159,0.010038534,1,4.55,
1250,1.311690777,,0.004794574,0,0.008622159,0.010038534,1,4.55,
1251,1.224540299,,0.006276118,0,0.008622159,0.010038534,1,4.55,
1252,1.25906624,,0.005274973,0,0.005563921,0.011992341,1,4.55,
1253,1.447285209,,0.005319584,0,0.007537228,0.012355753,1,4.55,
1254,1.105723367,,0.005584615,0,0.004622963,0.011987465,1,4.55,
1255,1.136315521,,0.005437606,0,0.006684558,0.014436519,1,4.55,
1256,1.44688401,,0.005437606,0,0.007024419,0.015917589,1,4.55,
1257,1.677145442,,0.005539912,0,0.0097883,0.013193674,1,4.55,
1258,1.64916558,,0.005310384,0,0.007006432,0.013045991,1,4.55,
1259,1.574573239,,0.005310384,0,0.008869609,0.012861575,1,4.55,
1260,1.40415254,,0.005310384,0,0.008726318,0.012473311,1,4.55,
1261,1.488459651,,0.005571278,0,0.008726318,0.012473311,1,4.55,
1262,1.508508999,,0.00733237,0,0.008726318,0.012473311,1,4.55,
1263,1.356260735,,0.005394991,0,0.009412197,0.013987368,1,4.55,
1264,1.380389545,,0.004946164,0,0.006091209,0.013564272,1,4.55,
1265,1.430791289,,0.005347483,0,0.005903504,0.013808981,1,4.55,
1266,1.439598519,,0.005160921,0,0.005903504,0.012175509,1,4.55,
1267,1.545397634,,0.005160921,0,0.005903504,0.01145327,1,4.55,
1268,1.320294026,,0.005201871,0,0.007734865,0.013293826,1,4.55,
1269,1.574823727,,0.005325452,0,0.006395609,0.012505922,1,4.55,
1270,1.541930321,,0.005074021,0,0.006395609,0.012427049,1,4.55,
1271,1.944165751,,0.005241468,0,0.00614784,0.012910883,1,4.55,
1272,2.042575758,,0.005107656,0,0.004338025,0.007989059,1,4.55,
1273,1.694964399,,0.005413955,0,0.004338025,0.010598197,1,4.55,
1274,1.925270371,,0.005474687,0,0.006668445,0.011261909,1,4.55,
1275,1.882990847,,0.00545728,0,0.005165828,0.011413555,1,4.55,
1276,1.679344712,,0.005652675,0,0.005767386,0.011025101,1,4.55,
1277,1.902088606,,0.005241012,0,0.007845634,0.010583464,1,4.55,
1278,1.645753647,,0.005145368,0,0.006599104,0.012229562,1,4.55,
1279,1.51990707,,0.005495973,0,0.005635466,0.012019835,1,4.55,
1280,1.720469019,,0.00589616,0,0.006119684,0.014281232,1,4.55,
1281,1.606606721,,0.005749338,0,0.004959939,0.010384118,1,4.55,
1282,1.85622085,,0.005587242,0,0.006990923,0.012452911,1,4.55,
1283,1.787592905,,0.005520666,0,0.006235715,0.012777358,1,4.55,
1284,1.800164026,,0.00606487,0,0.005809627,0.012765412,1,4.55,
1285,1.511300103,,0.005774776,0,0.005437831,0.011450887,1,4.55,
1286,1.633662212,,0.005407302,0,0.005708048,0.010020814,1,4.55,
1287,1.470210314,,0.005592471,0,0.006138252,0.011651757,1,4.55,
1288,1.203513478,,0.005367741,0,0.006202217,0.010395561,1,4.55,
1289,1.301166674,,0.00526054,0,0.005926232,0.012360491,1,4.55,
1290,1.514139771,,0.005301377,0,0.006427655,0.012572982,1,4.55,
1291,1.77340704,,0.005822765,0,0.005411222,0.011548147,1,4.55,
1292,1.658169192,,0.00560013,0,0.00612913,0.011536147,1,4.55,
1293,1.665517905,,0.005456766,0,0.005516035,0.011924022,1,4.55,
1294,1.9407792,,0.005711422,0,0.006257997,0.012069079,1,4.55,
1295,2.025874142,,0.005587876,0,0.006928861,0.011555231,1,4.55,
1296,1.92262445,,0.005437082,0,0.005764142,0.012088866,1,4.55,
1297,1.656489272,,0.00541084,0,0.004736982,0.011807248,1,4.55,
1298,1.789956997,,0.00538816,0,0.00575411,0.010745456,1,4.55,
1299,1.788410203,,0.00547418,0,0.0063863,0.011990089,1,4.55,
1300,1.8330819,,0.005893514,0,0.006741586,0.012758694,1,4.55,
1301,1.728208375,,0.005821399,0,0.006408074,0.012510296,1,4.55,
1302,1.649692099,,0.00565035,0,0.006235629,0.012190539,1,4.55,
1303,1.560027327,,0.005579774,0,0.006427055,0.012143518,1,4.55,
1304,1.495190018,,0.005845298,0,0.007675216,0.012651437,1,4.55,
1305,1.669199258,,0.005692111,0,0.006192656,0.012052618,1,4.55,
1306,1.6913751,,0.005281915,0,0.006784402,0.012408392,1,4.55,
1307,1.615755851,,0.005234827,0,0.006344659,0.012978693,1,4.55,
1308,1.796815141,,0.005521234,0,0.00598185,0.011871065,1,4.55,
1309,2.079790016,,0.00540665,0,0.006434671,0.013917976,1,4.55,
1310,2.192348744,,0.005947301,0,0.007511532,0.013447495,1,4.55,
1311,2.211674016,,0.005616158,0,0.006169465,0.012818704,1,4.55,
1312,1.807363593,,0.005626797,0,0.006948565,0.013343699,1,4.55,
1313,1.762766589,,0.005722688,0,0.006838194,0.013494127,1,4.55,
1314,1.913818493,,0.005696114,0,0.007613253,0.01364651,1,4.55,
1315,2.046161846,,0.005771822,0,0.007308784,0.013176115,1,4.55,
1316,2.897048004,,0.006193311,0,0.007335365,0.013754442,1,4.55,
1317,2.945218748,,0.006729545,0,0.00791857,0.015020999,1,4.55,
1318,2.190570753,,0.006474418,0,0.006930315,0.013605629,1,4.55,
1319,1.644885015,,0.006021685,0,0.007303095,0.013842103,1,4.55,
1320,1.8503914,,0.006790841,0,0.007086881,0.013422406,1,4.55,
1321,1.980815912,,0.006372548,0,0.007001959,0.013936024,1,4.55,
1322,2.671193277,,0.006819984,0,0.007740548,0.014290964,1,4.55,
1323,2.299760096,,0.006252914,0,0.00600414,0.01302472,1,4.55,
1324,1.964477292,,0.006282651,0,0.007128612,0.013985689,1,4.55,
1325,2.116530696,,0.006418554,0,0.007305021,0.013317731,1,4.55,
1326,1.795439897,,0.006107343,0,0.006888503,0.013389302,1,4.55,
1327,1.556313454,,0.00605726,0,0.006883063,0.013008031,1,4.55,
1328,1.701797507,,0.006563911,0,0.006994607,0.013379624,1,4.55,
1329,1.883046734,,0.006344258,0,0.00637733,0.01298585,1,4.55,
1330,1.893539936,,0.006440379,0,0.007003341,0.013511791,1,4.55,
1331,2.037256541,,0.006097685,0,0.007458862,0.014095213,1,4.55,
1332,2.076617611,,0.006341061,0,0.00778178,0.014664445,1,4.55,
1333,1.714627128,,0.006246622,0,0.006743858,0.014465512,1,4.55,
1334,1.616511521,,0.00598829,0,0.006650627,0.0140525,1,4.55,
1335,1.60338707,,0.006303363,0,0.0077486,0.013096494,1,4.55,
1336,1.676983456,,0.006404393,0,0.007196974,0.014038724,1,4.55,
1337,1.570393746,,0.006465738,0,0.007493194,0.013490012,1,4.55,
1338,1.418537373,,0.00635731,0,0.006266754,0.01272373,1,4.55,
1339,1.298880346,,0.006529544,0,0.006643344,0.011852239,1,4.55,
1340,1.692052724,,0.006024511,0,0.006656857,0.012374691,1,4.55,
1341,1.442396234,,0.006087486,0,0.006512056,0.012030011,1,4.55,
1342,1.510022905,,0.006127205,0,0.006698093,0.011802268,1,4.55,
1343,1.47527963,,0.006331083,0,0.006651538,0.011550558,1,4.55,
1344,1.649608737,,0.006270546,0,0.007108802,0.011347096,1,4.55,
1345,1.457509554,,0.006202473,0,0.006822122,0.01173721,1,4.55,
1346,1.532891023,,0.006183703,0,0.006431112,0.011855841,1,4.55,
1347,1.878920504,,0.0061164,0,0.006762974,0.012243651,1,4.55,
1348,1.87497757,,0.005940367,0,0.006540419,0.012388989,1,4.55,
1349,1.491854917,,0.006685745,0,0.006947199,0.013285835,1,4.55,
1350,1.784175881,,0.01284539,0,0.009523836,0.017665146,1,4.55,
1351,2.125297302,,0.013457882,0,0.009614046,0.017127351,1,4.55,
1352,2.419595632,,0.012010114,0,0.008814485,0.016564498,1,4.55,
1353,1.910817992,,0.011073335,0,0.008946111,0.016449713,1,4.55,
1354,1.810296065,,0.011578434,0,0.009471693,0.01640623,1,4.55,
1355,1.888281875,,0.011205498,0,0.009058979,0.01671561,1,4.55,
1356,1.982412575,,0.011752449,0,0.010292365,0.017141651,1,4.55,
1357,2.049888828,,0.011487141,0,0.010075829,0.017450644,1,4.55,
1358,2.071837527,,0.010338148,0,0.009846124,0.016691287,1,4.55,
1359,1.95887477,,0.011044919,0,0.009214943,0.01714121,1,4.55,
1360,1.975465507,,0.010773418,0,0.011151116,0.017439978,1,4.55,
1361,1.963334723,,0.011456905,0,0.009451514,0.016719592,1,4.55,
1362,1.877793139,,0.011503309,0,0.011298694,0.018401827,1,4.55,
1363,2.173480185,,0.011724739,0,0.011423393,0.018492844,1,4.55,
1364,2.32285645,,0.012594421,0,0.011299434,0.018253392,1,4.55,
1365,2.114849659,,0.012674421,0,0.012326335,0.019214933,1,4.55,
1366,1.937324818,,0.012866243,0,0.011243339,0.018990308,1,4.55,
1367,1.977268191,,0.011990643,0,0.01304818,0.018947112,1,4.55,
1368,2.162598495,,0.012716978,0,0.010594047,0.019323337,1,4.55,
1369,2.159645716,,0.011905383,0,0.012767857,0.019734716,1,4.55,
1370,3.012962578,,0.012217021,0,0.013262314,0.020014286,1,4.55,
1371,2.228097517,,0.01265003,0,0.011424856,0.020197015,1,4.55,
1372,2.028616729,,0.013121589,0,0.013104082,0.020251356,1,4.55,
1373,2.225142859,,0.013431439,0,0.011298324,0.020214861,1,4.55,
1374,1.950303172,,0.013390986,0,0.012389621,0.019275287,1,4.55,
1375,2.306349727,,0.013879439,0,0.011928362,0.020077479,1,4.55,
1376,2.270182129,,0.013744356,0,0.012412342,0.01924501,1,4.55,
1377,1.774935569,,0.013404862,0,0.011150904,0.018774013,1,4.55,
1378,1.665849624,,0.013096019,0,0.012658201,0.019148394,1,4.55,
1379,1.59066623,,0.012919357,0,0.012741552,0.019347541,1,4.55,
1380,1.910587594,,0.013504423,0,0.010469803,0.01853148,1,4.55,
1381,1.93768343,,0.013442346,0,0.014383839,0.019317786,1,4.55,
1382,1.784537724,,0.012961913,0,0.01183203,0.020043222,1,4.55,
1383,1.765517699,,0.01325592,0,0.012098308,0.01904091,1,4.55,
1384,1.779764052,,0.013014119,0,0.01228202,0.019481337,1,4.55,
1385,1.709518135,,0.013104553,0,0.013013712,0.019627751,1,4.55,
1386,1.811049559,,0.013622296,0,0.011730375,0.01918027,1,4.55,
1387,1.688592064,,0.013066421,0,0.012559439,0.019160122,1,4.55,
1388,1.56693871,,0.013452398,0,0.012066124,0.019164305,1,4.55,
1389,1.461824157,,0.012569494,0,0.012470125,0.018941096,1,4.55,
1390,1.865045138,,0.012321076,0,0.012134902,0.018785503,1,4.55,
1391,2.186617788,,0.013221307,0,0.012171622,0.019149198,1,4.55,
1392,1.773465164,,0.010919162,0,0.010923131,0.01851383,1,4.55,
1393,1.535726593,,0.012355435,0,0.011844909,0.019420145,1,4.55,
1394,1.583652677,,0.011804685,0,0.012199151,0.018649589,1,4.55,
1395,1.632543506,,0.012749958,0,0.011921327,0.019796909,1,4.55,
1396,1.644264356,,0.013057043,0,0.012244845,0.019027331,1,4.55,
1397,1.931535011,,0.013587821,0,0.011413156,0.018676319,1,4.55,
1398,1.889659681,,0.012523808,0,0.01248658,0.018705897,1,4.55,
1399,1.801223307,,0.014506239,0,0.012526149,0.019088469,1,4.55,
1400,1.849894419,,0.014039205,0,0.012639952,0.019095314,1,4.55,
1401,1.978460267,,0.014307045,0,0.012902303,0.019533208,1,4.55,
1402,2.225567995,,0.014455806,0,0.01388991,0.019655079,1,4.55,
1403,1.964297067,,0.014467632,0,0.013667072,0.019383358,1,4.55,
1404,1.738556837,,0.014598142,0,0.013993349,0.020218032,1,4.55,
1405,1.708270641,,0.014087424,0,0.013717581,0.019062712,1,4.55,
1406,1.594714447,,0.014348515,0,0.012681959,0.019683342,1,4.55,
1407,1.712340289,,0.014491271,0,0.013334301,0.019737502,1,4.55,
1408,1.874632187,,0.01476603,0,0.011965598,0.019138668,1,4.55,
1409,2.028564307,,0.014234964,0,0.012418699,0.021203002,1,4.55,
1410,2.204511344,,0.014680431,0,0.012288924,0.020768094,1,4.55,
1411,1.899693401,,0.014450629,0,0.012284372,0.021260249,1,4.55,
1412,1.757579518,,0.014435476,0,0.01284505,0.020723201,1,4.55,
1413,1.767083993,,0.01444277,0,0.012740185,0.019542987,1,4.55,
1414,1.714966445,,0.01482886,0,0.01337749,0.020331093,1,4.55,
1415,1.73561617,,0.014920765,0,0.013999307,0.019711511,1,4.55,
1416,1.950877809,,0.014067966,0,0.01363939,0.020232501,1,4.55,
1417,2.125317776,,0.014292486,0,0.013365275,0.020150147,1,4.55,
1418,1.84759918,,0.013764018,0,0.013997668,0.020164219,1,4.55,
1419,1.946540021,,0.014901282,0,0.013350644,0.02080209,1,4.55,
1420,1.723699175,,0.012923234,0,0.012931056,0.020439908,1,4.55,
1421,1.861326825,,0.014641575,0,0.012887969,0.020485274,1,4.55,
1422,1.770624024,,0.014214778,0,0.014158786,0.020786052,1,4.55,
1423,1.639475229,,0.013844241,0,0.013149487,0.020445274,1,4.55,
1424,1.653812604,,0.015345963,0,0.013280535,0.020266938,1,4.55,
1425,1.783655104,,0.01515501,0,0.013472338,0.020510898,1,4.55,
1426,1.71310526,,0.015062849,0,0.014011118,0.020355061,1,4.55,
1427,1.638388657,,0.014571378,0,0.01500121,0.02042459,1,4.55,
1428,1.664525892,,0.015354004,0,0.015232609,0.020528451,1,4.55,
1429,2.079499306,,0.01464406,0,0.013714064,0.022305045,1,4.55,
1430,2.065410128,,0.015334421,0,0.014477165,0.021090548,1,4.55,
1431,1.843050096,,0.014788645,0,0.014494591,0.019865751,1,4.55,
1432,1.634185506,,0.01493949,0,0.014443321,0.020909997,1,4.55,
1433,1.983002392,,0.015661014,0,0.013139895,0.021122079,1,4.55,
1434,1.796585137,,0.015076904,0,0.014652818,0.021197161,1,4.55,
1435,1.711754426,,0.015380568,0,0.013983236,0.021234442,1,4.55,
1436,1.828719978,,0.015104323,0,0.013730808,0.020084024,1,4.55,
1437,1.788429363,,0.014489525,0,0.0139105,0.02148351,1,4.55,
1438,2.340491924,,0.017017266,0,0.014814937,0.021310806,1,4.55,
1439,2.459551995,,0.015348832,0,0.015170106,0.022575248,1,4.55,
1440,2.047648053,,0.01562427,0,0.014056562,0.022036132,1,4.55,
1441,1.548366142,,0.01513626,0,0.014536832,0.022515964,1,4.55,
1442,1.607982185,,0.014971787,0,0.014523052,0.022174538,1,4.55,
1443,1.634361773,,0.01528605,0,0.014427599,0.021062556,1,4.55,
1444,1.613815853,,0.015443266,0,0.016147793,0.021567039,1,4.55,
1445,1.536161937,,0.015185747,0,0.014180983,0.022072054,1,4.55,
1446,1.768562841,,0.015437507,0,0.014787571,0.021589157,1,4.55,
1447,1.831025605,,0.014722543,0,0.015053502,0.023318305,1,4.55,
1448,1.685350366,,0.015267665,0,0.015363308,0.02187153,1,4.55,
1449,1.750626649,,0.015377106,0,0.01460309,0.022241513,1,4.55,
1450,1.710429313,,0.015259122,0,0.016656497,0.022206925,1,4.55,
1451,1.775963483,,0.018227099,0,0.01555491,0.021250812,1,4.55,
1452,1.805518557,,0.015623051,0,0.015902308,0.022909379,1,4.55,
1453,1.758473705,,0.014957192,0,0.015481368,0.022517786,1,4.55,
1454,1.687190468,,0.015912062,0,0.014372483,0.022208369,1,4.55,
1455,1.593640315,,0.015037286,0,0.01428571,0.020020992,1,4.55,
1456,1.686237698,,0.015067939,0,0.015756265,0.020463868,1,4.55,
1457,1.710551817,,0.015540126,0,0.014918188,0.021539059,1,4.55,
1458,1.818644997,,0.015479082,0,0.013807786,0.021534741,1,4.55,
1459,1.793276227,,0.016861189,0,0.013947373,0.021391204,1,4.55,
1460,1.772699748,,0.014716018,0,0.014753123,0.021982254,1,4.55,
1461,1.99265556,,0.014850012,0,0.015346196,0.022035075,1,4.55,
1462,2.003201513,,0.015423508,0,0.015022754,0.021105836,1,4.55,
1463,1.594768194,,0.014562023,0,0.014302685,0.019779693,1,4.55,
1464,1.484516105,,0.015027186,0,0.015434188,0.020721674,1,4.55,
1465,1.641787762,,0.015260165,0,0.016162636,0.021663822,1,4.55,
1466,1.677912185,,0.014860724,0,0.013815275,0.019168036,1,4.55,
1467,1.76377679,,0.013882327,0,0.014977175,0.020659524,1,4.55,
1468,1.84378873,,0.014618769,0,0.01454229,0.021266203,1,4.55,
1469,1.815047837,,0.014380115,0,0.015028116,0.021076888,1,4.55,
1470,1.863046636,,0.014750106,0,0.014760374,0.021136536,1,4.55,
1471,1.871170823,,0.013099645,0,0.01443739,0.021165037,1,4.55,
1472,1.808640906,,0.017455948,0,0.01459838,0.021971457,1,4.55,
1473,1.637094424,,0.013959826,0,0.014698008,0.021302619,1,4.55,
1474,1.632588586,,0.015469544,0,0.014164788,0.020586841,1,4.55,
1475,1.64023296,,0.015469544,0,0.014701118,0.021081184,1,4.55,
1476,1.731041865,,0.015469544,0,0.013812781,0.021740633,1,4.55,
1477,1.748985324,,0.017032196,0,0.014125483,0.02180341,1,4.55,
1478,1.887259952,,0.013959826,0,0.014144135,0.021213935,1,4.55,
1479,1.902105799,,0.013098626,0,0.014179174,0.021712425,1,4.55,
1480,1.765874432,,0.01282767,0,0.014788388,0.021748611,1,4.55,
1481,1.784015901,,0.013682848,0,0.014372733,0.020537424,1,4.55,
1482,2.028417028,,0.013666645,0,0.014363635,0.020986849,1,4.55,
1483,2.273023325,,0.019006622,0,0.013670142,0.020424568,1,4.55,
1484,2.02427945,,0.014883385,0,0.013928119,0.021179861,1,4.55,
1485,1.778904763,,0.016037367,0,0.013843278,0.019870194,1,4.55,
1486,1.76835075,,0.015412671,0,0.014654776,0.020865624,1,4.55,
1487,1.844984202,,0.017713525,0,0.013405516,0.02006113,1,4.55,
1488,1.796860096,,0.011557278,0,0.01476767,0.021057079,1,4.55,
1489,1.833182585,,0.012214847,0,0.016128406,0.021208083,1,4.55,
1490,1.809767193,,0.011331106,0,0.013093688,0.021302689,1,4.55,
1491,1.919793853,,0.010444261,0,0.015317743,0.021297049,1,4.55,
1492,1.862951946,,0.021211181,0,0.014433628,0.020174949,1,4.55,
1493,1.721697172,,0.021211181,0,0.015080719,0.022257246,1,4.55,
1494,1.720122129,,0.015388006,0,0.014703537,0.020635622,1,4.55,
1495,1.676921583,,0.01441671,0,0.014116918,0.022375475,1,4.55,
1496,1.537774948,,0.01501513,0,0.01422503,0.021142047,1,4.55,
1497,1.862721094,,0.012991298,0,0.014018795,0.021039337,1,4.55,
1498,1.740998994,,0.014342377,0,0.014029661,0.021128903,1,4.55,
1499,1.777895629,,0.016759855,0,0.013774158,0.020763591,1,4.55,
1500,1.673656553,,0.013224432,0,0.013403902,0.020424688,1,4.55,
1501,1.975433061,,0.014404597,0,0.013823804,0.019867344,1,4.55,
1502,2.052298346,,0.01399612,0,0.013903497,0.020304079,1,4.55,
1503,1.911806404,,0.01610398,0,0.013468905,0.019669814,1,4.55,
1504,1.950799548,,0.013959356,0,0.013668249,0.02104064,1,4.55,
1505,1.803025271,,0.012631607,0,0.014531691,0.020847418,1,4.55,
1506,1.746683212,,0.014415417,0,0.014700952,0.020220826,1,4.55,
1507,1.815160967,,0.014461891,0,0.013938982,0.022286499,1,4.55,
1508,1.806242797,,0.013782868,0,0.014141585,0.020608656,1,4.55,
1509,1.516534924,,0.013857443,0,0.014393774,0.020234383,1,4.55,
1510,1.574948231,,0.014343487,0,0.0145764,0.02107517,1,4.55,
1511,1.620149094,,0.014684862,0,0.013220672,0.02027807,1,4.55,
1512,1.840518318,,0.014192595,0,0.01426033,0.021795506,1,4.55,
1513,2.17172227,,0.012693204,0,0.014075885,0.020813214,1,4.55,
1514,1.880336361,,0.013821844,0,0.013937921,0.021906513,1,4.55,
1515,1.881558152,,0.012809706,0,0.015398041,0.020574676,1,4.55,
1516,2.026955265,,0.015236433,0,0.014284356,0.02278001,1,4.55,
1517,1.765861402,,0.013437287,0,0.013114146,0.021524676,1,4.55,
1518,1.971813154,,0.014330414,0,0.015954706,0.021101676,1,4.55,
1519,1.976182492,,0.014952774,0,0.015738883,0.021305986,1,4.55,
1520,2.239954478,,0.01742595,0,0.014353951,0.022326843,1,4.55,
1521,2.390774895,,0.015556607,0,0.013494614,0.022464516,1,4.55,
1522,2.13831584,,0.01498172,0,0.014896224,0.022514976,1,4.55,
1523,2.128279964,,0.01557605,0,0.014967802,0.021846281,1,4.55,
1524,2.051347289,,0.016162172,0,0.015893084,0.021885381,1,4.55,
1525,1.867276039,,0.012014762,0,0.014515667,0.021951902,1,4.55,
1526,1.831508705,,0.01218619,0,0.014414538,0.021705344,1,4.55,
1527,2.067396137,,0.012174013,0,0.013859652,0.021788476,1,4.55,
1528,2.899897482,,0.01367658,0,0.0139207,0.021928588,1,4.55,
1529,2.338825634,,0.012706233,0,0.014627272,0.022010825,1,4.55,
1530,2.340785304,,0.016443405,0,0.014494767,0.021928827,1,4.55,
1531,2.379876061,,0.014534476,0,0.014173605,0.022505866,1,4.55,
1532,2.420482481,,0.012482435,0,0.014716006,0.021938816,1,4.55,
1533,2.379383365,,0.014129492,0,0.015490392,0.023491766,1,4.55,
1534,2.098189286,,0.016657065,0,0.014772369,0.023016577,1,4.55,
1535,2.37351585,,0.011016965,0,0.014702328,0.022541124,1,4.55,
1536,2.46640133,,0.008702746,0,0.017147191,0.022684877,1,4.55,
1537,2.49783767,,0.016854648,0,0.015917553,0.023812272,1,4.55,
1538,2.193389345,,0.014436122,0,0.015443177,0.022583943,1,4.55,
1539,2.098654718,,0.01325708,0,0.01500101,0.022589014,1,4.55,
1540,2.201966973,,0.016433213,0,0.014647409,0.02355413,1,4.55,
1541,2.395948351,,0.017246107,0,0.016306653,0.022758636,1,4.55,
1542,2.319696365,,0.016789345,0,0.016081819,0.023318079,1,4.55,
1543,2.508669361,,0.01601815,0,0.017508342,0.023465827,1,4.55,
1544,2.680181787,,0.016529249,0,0.017200032,0.023386363,1,4.55,
1545,3.044765319,,0.014851908,0,0.015769329,0.022611079,1,4.55,
1546,3.28775817,,0.015459203,0,0.016829971,0.02407061,1,4.55,
1547,2.434604273,,0.017400909,0,0.017973373,0.024461325,1,4.55,
1548,2.398975935,,0.016443372,0,0.017575324,0.025395708,1,4.55,
1549,3.000275146,,0.017130157,0,0.018323903,0.027699326,1,4.55,
1550,3.811971685,,0.022345109,0,0.02106442,0.02885609,1,4.55,
1551,4.21224704,,0.019279946,0,0.022451408,0.031774776,1,4.55,
1552,3.736665877,,0.021296089,0,0.021801687,0.034207255,1,4.55,
1553,3.375917389,,0.021064485,0,0.02132234,0.030224981,1,4.55,
1554,3.324319821,,0.021417888,0,0.020614492,0.031220932,1,4.55,
1555,3.972660785,,0.021159933,0,0.020592879,0.032278448,1,4.55,
1556,4.833244688,,0.021971968,0,0.022298075,0.031984639,1,4.55,
1557,5.169867526,,0.024650186,0,0.023122643,0.033554157,1,4.55,
1558,3.55755666,,0.02103041,0,0.023744178,0.030907589,1,4.55,
1559,3.821684298,,0.016524836,0,0.020798822,0.032562222,1,4.55,
1560,3.982370363,,0.024747846,0,0.02362195,0.032741905,1,4.55,
1561,4.36597394,,0.025785375,0,0.026841209,0.035940391,1,4.55,
1562,4.356802497,,0.025590712,0,0.024759651,0.036881636,1,4.55,
1563,4.525750355,,0.023998311,0,0.026329641,0.036513782,1,4.55,
1564,4.698535837,,0.025522425,0,0.025633019,0.037862712,1,4.55,
1565,4.002326894,,0.025756099,0,0.026773092,0.037087269,1,4.55,
1566,4.139831539,,0.027340291,0,0.026967875,0.03656384,1,4.55,
1567,3.842556139,,0.026741495,0,0.023471252,0.03434635,1,4.55,
1568,3.864317101,,0.023943753,0,0.025695512,0.036574884,1,4.55,
1569,4.194020281,,0.026991216,0,0.024188307,0.035242043,1,4.55,
1570,4.11220476,,0.030203097,0,0.028335639,0.036288024,1,4.55,
1571,3.956704445,,0.024959823,0,0.025028604,0.035305995,1,4.55,
1572,4.359999048,,0.023880721,0,0.026792724,0.038360097,1,4.55,
1573,4.58367863,,0.03237652,0,0.029134392,0.03679032,1,4.55,
1574,5.346089664,,0.029038207,0,0.026260511,0.037865249,1,4.55,
1575,4.649874852,,0.029399817,0,0.028397762,0.038096209,1,4.55,
1576,4.73429086,,0.025189959,0,0.024359267,0.038538116,1,4.55,
1577,5.136050086,,0.026395656,0,0.027533662,0.039162583,1,4.55,
1578,4.757582646,,0.026950948,0,0.024740346,0.037662194,1,4.55,
1579,4.764753428,,0.028434906,0,0.026864651,0.03922749,1,4.55,
1580,4.464000179,,0.025850126,0,0.025163369,0.03809358,1,4.55,
1581,5.13537094,,0.027988269,0,0.026218528,0.039216155,1,4.55,
1582,5.097552104,,0.028557924,0,0.025996147,0.041545398,1,4.55,
1583,4.849605681,,0.026074934,0,0.029233764,0.040637845,1,4.55,
1584,4.837379845,,0.027419528,0,0.028678518,0.039944771,1,4.55,
1585,5.149398649,,0.026488865,0,0.028170698,0.040029864,1,4.55,
1586,6.109072614,,0.028256357,0,0.027694292,0.041359443,1,4.55,
1587,6.103162543,,0.031654758,0,0.030764036,0.041059686,1,4.55,
1588,5.089291314,,0.029909001,0,0.027592454,0.041476241,1,4.55,
1589,5.302487044,,0.025837669,0,0.028309582,0.043141688,1,4.55,
1590,5.979206311,,0.030042543,0,0.026451486,0.040331781,1,4.55,
1591,5.906539966,,0.026844916,0,0.027303321,0.039228431,1,4.55,
1592,5.297799712,,0.028844215,0,0.026726895,0.039927478,1,4.55,
1593,5.557167263,,0.030219834,0,0.028905137,0.042038622,1,4.55,
1594,6.408213834,,0.03027991,0,0.029223271,0.043072501,1,4.55,
1595,7.159919667,,0.032648224,0,0.027992128,0.041639022,1,4.55,
1596,7.587549663,,0.032051483,0,0.028593584,0.04189497,1,4.55,
1597,8.715368788,,0.029920398,0,0.02918049,0.042801355,1,4.55,
1598,7.896861384,,0.031735136,0,0.029499796,0.042795364,1,4.55,
1599,6.44208165,,0.024563988,0,0.027902195,0.043304769,1,4.55,
1600,5.332968757,,0.031466719,0,0.029687286,0.04338615,1,4.55,
1601,6.23453081,,0.030171853,0,0.029960441,0.045114029,1,4.55,
1602,5.470495172,,0.027993251,0,0.031344753,0.044514601,1,4.55,
1603,5.210723054,,0.030143022,0,0.030809617,0.044876903,1,4.55,
1604,4.706459533,,0.031324247,0,0.032857495,0.045368828,1,4.55,
1605,5.210723054,,0.031596156,0,0.032934504,0.045000169,1,4.55,
1606,4.981512363,,0.033189663,0,0.032285489,0.046461651,1,4.55,
1607,5.226003767,,0.035071908,0,0.032556527,0.046824111,1,4.55,
1608,5.898355129,,0.033395978,0,0.03245089,0.046372623,1,4.55,
1609,6.494302927,,0.028932295,0,0.032012193,0.047465031,1,4.55,
1610,5.852512991,,0.034387615,0,0.033327833,0.047520265,1,4.55,
1611,5.378810895,,0.035223394,0,0.034060313,0.048189168,1,4.55,
1612,6.097004395,,0.033062062,0,0.034088834,0.048619917,1,4.55,
1613,6.387337938,,0.030444747,0,0.032544125,0.048427327,1,4.55,
1614,6.601267917,,0.035036328,0,0.033433015,0.04932649,1,4.55,
1615,6.524864353,,0.02997925,0,0.032781813,0.049765166,1,4.55,
1616,6.540145065,,0.032571102,0,0.032470139,0.051418614,1,4.55,
1617,6.249811523,,0.034371559,0,0.031521122,0.050525707,1,4.55,
1618,6.097004395,,0.033044775,0,0.034170643,0.051271203,1,4.55,
1619,5.745548001,,0.033907474,0,0.036008315,0.053466284,1,4.55,
1620,5.638583012,,0.032624073,0,0.035584312,0.053377177,1,4.55,
1621,5.363530182,,0.033481748,0,0.032197083,0.050832568,1,4.55,
1622,6.081723682,,0.031707539,0,0.034536297,0.051696716,1,4.55,
1623,6.830478608,,0.034347886,0,0.033980094,0.051056724,1,4.55,
1624,6.310934374,,0.031699549,0,0.035071992,0.0522274,1,4.55,
1625,6.203969384,,0.034895625,0,0.033614075,0.052561255,1,4.55,
1626,6.417899363,,0.036717059,0,0.034648966,0.053230857,1,4.55,
1627,5.760828714,,0.035559753,0,0.034188587,0.050342228,1,4.55,
1628,5.424653033,,0.037770654,0,0.034922868,0.05236651,1,4.55,
1629,5.928916555,,0.037606521,0,0.034772223,0.052493915,1,4.55,
1630,6.922162885,,0.034862594,0,0.036646351,0.05240234,1,4.55,
1631,7.930689927,,0.037378044,0,0.036646755,0.056352255,1,4.55,
1632,6.738794331,,0.035304536,0,0.036688115,0.055638046,1,4.55,
1633,6.937443597,,0.03752703,0,0.037827141,0.054800168,1,4.55,
1634,7.105531438,,0.035514337,0,0.037384115,0.058440916,1,4.55,
1635,6.937443597,,0.037213644,0,0.0380339,0.055084769,1,4.55,
1636,6.891601459,,0.041517892,0,0.037883546,0.054029233,1,4.55,
1637,7.22777714,,0.036012045,0,0.03783554,0.055125051,1,4.55,
1638,8.22102347,,0.037627248,0,0.039355505,0.056478738,1,4.55,
1639,7.0596893,,0.039218025,0,0.039552341,0.055364869,1,4.55,
1640,6.356776512,,0.039144169,0,0.039634497,0.05611422,1,4.55,
1641,6.815197895,,0.039962618,0,0.040847306,0.05925222,1,4.55,
1642,6.479022214,,0.040364935,0,0.03941206,0.059987803,1,4.55,
1643,6.433180076,,0.038387407,0,0.039696891,0.062029697,1,4.55,
1644,6.173407959,,0.037289525,0,0.038561134,0.065248382,1,4.55,
1645,6.67767148,,0.037093675,0,0.040586799,0.064604318,1,4.55,
1646,6.616548629,,0.037450777,0,0.041858583,0.065792921,1,4.55,
1647,7.762602087,,0.041185097,0,0.044404813,0.067030266,1,4.55,
1648,8.954497683,,0.040098361,0,0.046794228,0.062228697,1,4.55,
1649,9.550445481,,0.039089444,0,0.044556715,0.060741628,1,4.55,
1650,9.749094747,,0.04107799,0,0.046897882,0.066103286,1,4.55,
1651,8.190462045,,0.043774894,0,0.044961498,0.070264132,1,4.55,
1652,7.533391395,,0.038950222,0,0.045070977,0.065144993,1,4.55,
1653,6.738794331,,0.041154055,0,0.046176662,0.06641623,1,4.55,
1654,6.310934374,,0.042055764,0,0.046534898,0.067762805,1,4.55,
1655,6.173407959,,0.039310885,0,0.0436066,0.069877622,1,4.55,
1656,6.494302927,,0.052020323,0,0.046434073,0.072621749,1,4.55,
1657,7.120812151,,0.038455067,0,0.046374211,0.069924805,1,4.55,
1658,7.518110683,,0.045385491,0,0.046407102,0.069990985,1,4.55,
1659,8.144619906,,0.039167819,0,0.049183761,0.073222112,1,4.55,
1660,7.94597064,,0.04068797,0,0.047297314,0.074772297,1,4.55,
1661,7.533391395,,0.037949467,0,0.049714891,0.07429283,1,4.55,
1662,8.93921697,,0.041686964,0,0.048430342,0.071527676,1,4.55,
1663,7.854286364,,0.047631317,0,0.046336015,0.075955106,1,4.55,
1664,7.640356385,,0.056991177,0,0.04766801,0.073706239,1,4.55,
1665,7.166654289,,0.040380317,0,0.049022605,0.072701386,1,4.55,
1666,7.716759949,,0.048623476,0,0.046378849,0.073582002,1,4.55,
1667,8.236304183,,0.043975227,0,0.048893405,0.074035851,1,4.55,
1668,6.998566449,,0.042778877,0,0.047532159,0.073000293,1,4.55,
1669,6.647110055,,0.039787407,0,0.049124089,0.071072142,1,4.55,
1670,6.708232906,,0.041914736,0,0.049414678,0.075385613,1,4.55,
1671,6.922162885,,0.041184108,0,0.047461674,0.076376988,1,4.55,
1672,6.708232906,,0.041444429,0,0.04732324,0.074319432,1,4.55,
1673,6.799917183,,0.041877239,0,0.051026062,0.072918432,1,4.55,
1674,7.563952821,,0.040267289,0,0.051194879,0.071917847,1,4.55,
1675,8.037654917,,0.042240035,0,0.051545428,0.075918352,1,4.55,
1676,7.579233534,,0.042494832,0,0.050691717,0.073600179,1,4.55,
1677,6.876320746,,0.038890284,0,0.052196608,0.07189117,1,4.55,
1678,7.365303555,,0.041204376,0,0.049761198,0.071799208,1,4.55,
1679,7.136092863,,0.038444647,0,0.047944424,0.071700839,1,4.55,
1680,6.601267917,,0.040849209,0,0.049074498,0.072796469,1,4.55,
1681,6.601267917,,0.043457761,0,0.050488193,0.072313906,1,4.55,
1682,6.983285736,,0.039823511,0,0.050774361,0.075428444,1,4.55,
1683,6.830478608,,0.041137432,0,0.05121321,0.072819112,1,4.55,
1684,6.631829342,,0.040877487,0,0.051299424,0.073330708,1,4.55,
1685,7.563952821,,0.041144097,0,0.052529269,0.073957045,1,4.55,
1686,6.494302927,,0.04578106,0,0.051580233,0.076476802,1,4.55,
1687,6.738794331,,0.036771587,0,0.050837512,0.073281739,1,4.55,
1688,6.40261865,,0.039681634,0,0.048268951,0.072670422,1,4.55,
1689,6.219250097,,0.042496617,0,0.053197559,0.080445783,1,4.55,
1690,5.95947798,,0.039398134,0,0.052582403,0.079226865,1,4.55,
1691,5.730267289,,0.039367928,0,0.049526928,0.078095345,1,4.55,
1692,6.295653661,,0.041081852,0,0.051295268,0.075332334,1,4.55,
1693,7.579233534,,0.039174086,0,0.050050101,0.078667212,1,4.55,
1694,8.05293563,,0.041936076,0,0.053584161,0.078150734,1,4.55,
1695,7.50282997,,0.039273911,0,0.051605359,0.076020455,1,4.55,
1696,8.098777768,,0.041395346,0,0.052199688,0.078506502,1,4.55,
1697,8.05293563,,0.038472606,0,0.051366875,0.076128785,1,4.55,
1698,8.923936257,,0.040105058,0,0.05133011,0.075710469,1,4.55,
1699,8.985059109,,0.040430783,0,0.049688251,0.075754697,1,4.55,
1700,7.808444225,1,0.040061007,0,0.049543038,0.07699625,1,4.55,
1701,6.815197895,1.084615385,0.040406856,0,0.048353845,0.078168106,1,4.55,
1702,6.769355757,1.046153846,0.04212593,0,0.049015166,0.079116284,1,4.55,
1703,6.40261865,0.907692308,0.0420728,0,0.049256717,0.077602661,1,4.55,
1704,6.830478608,0.830769231,0.041273988,0,0.049519511,0.078640176,1,4.55,
1705,6.372057225,0.8,0.039867381,0,0.049764991,0.081516358,1,4.55,
1706,6.78463647,0.853846154,0.041294795,0,0.049224514,0.079460712,1,4.55,
1707,6.173407959,0.915384615,0.040989768,0,0.051170324,0.078442174,1,4.55,
1708,6.647110055,0.969230769,0.041926013,0,0.050990878,0.082431836,1,4.55,
1709,8.098777768,0.892307692,0.038544849,0,0.048318415,0.080301774,1,4.55,
1710,9.275392651,0.769230769,0.038912731,0,0.049101852,0.082266808,1,4.55,
1711,10.34504255,0.807692308,0.040905538,0,0.049155402,0.081302902,1,4.55,
1712,7.426426406,0.915384615,0.040905088,0,0.049365942,0.080267332,1,4.55,
1713,6.906882172,0.984615385,0.040609558,0,0.049129602,0.082823241,1,4.55,
1714,7.380584268,0.984615385,0.042578672,0,0.048979006,0.082826637,1,4.55,
1715,7.518110683,0.676923077,0.042667754,0,0.051500667,0.083518212,1,4.55,
1716,7.50282997,0.553846154,0.042404456,0,0.051640319,0.082391783,1,4.55,
1717,6.998566449,0.584615385,0.043807431,0,0.052077748,0.081076708,1,4.55,
1718,6.692952193,0.676923077,0.042878454,0,0.05132889,0.083161934,1,4.55,
1719,7.074970012,0.707692308,0.040796303,0,0.051446105,0.08198364,1,4.55,
1720,7.380584268,0.584615385,0.04225423,0,0.052119739,0.086339286,1,4.55,
1721,7.029127874,0.546153846,0.041097425,0,0.052339574,0.082673632,1,4.55,
1722,6.448460789,0.576923077,0.039183136,0,0.050556259,0.080362987,1,4.55,
1723,6.112285108,0.584615385,0.0437731,0,0.051690073,0.084437931,1,4.55,
1724,6.845759321,0.615384615,0.039951949,0,0.051836667,0.083822688,1,4.55,
1725,7.090250725,0.730769231,0.038635304,0,0.051818009,0.082755437,1,4.55,
1726,7.411145693,0.707692308,0.040325155,0,0.051594225,0.086671813,1,4.55,
1727,6.937443597,0.661538462,0.041795867,0,0.050163404,0.078994064,1,4.55,
1728,7.548672108,0.623076923,0.041246921,0,0.051394582,0.083758672,1,4.55,
1729,7.915409215,0.615384615,0.041885951,0,0.051412521,0.082555081,1,4.55,
1730,6.968005023,0.615384615,0.04468172,0,0.053168374,0.084693573,1,4.55,
1731,6.433180076,0.546153846,0.044627063,0,0.052260966,0.084526383,1,4.55,
1732,6.479022214,0.515384615,0.044008529,0,0.052155141,0.083761353,1,4.55,
1733,6.326215087,0.507692308,0.045409687,0,0.053391564,0.08544695,1,4.55,
1734,6.020600831,0.515384615,0.043942698,0,0.051907368,0.084055451,1,4.55,
1735,6.158127246,0.523076923,0.044880458,0,0.053362527,0.084100349,1,4.55,
1736,6.265092236,0.5,0.045746874,0,0.051993034,0.086920483,1,4.55,
1737,6.754075044,0.507692308,0.04546212,0,0.051421982,0.085235304,1,4.55,
1738,6.540145065,0.546153846,0.045354231,0,0.051467923,0.083563324,1,4.55,
1739,6.356776512,0.484615385,0.044695975,0,0.051936964,0.08487552,1,4.55,
1740,7.487549257,0.507692308,0.042403608,0.051510539,0.053020718,0.081251941,1,4.55,
1741,8.282146321,0.7,0.04372913,0.052871996,0.05408191,0.084241082,1,4.55,
1742,7.334742129,0.623076923,0.044149273,0.053059988,0.052966082,0.082944003,1,4.55,
1743,6.738794331,0.546153846,0.043655857,0.049207514,0.052200692,0.08726092,1,4.55,
1744,6.020600831,0.507692308,0.043277829,0.046473605,0.053689194,0.089944221,1,4.55,
1745,6.142846533,0.492307692,0.043730704,0.051780754,0.053268851,0.087540953,1,4.55,
1746,6.906882172,0.5,0.044487687,0.050828973,0.054284392,0.088602468,1,4.55,
1747,6.67767148,0.546153846,0.043989214,0.054502481,0.051606919,0.086273693,1,4.55,
1748,6.968005023,0.630769231,0.045574368,0.055507421,0.051499431,0.085146791,1,4.55,
1749,7.090250725,0.646153846,0.045626855,0.04649669,0.048737061,0.084838947,1,4.55,
1750,6.861040034,0.646153846,0.044741678,0.056885765,0.053713143,0.083337045,1,4.55,
1751,6.67767148,0.653846154,0.044527744,0.058366041,0.052914516,0.083308881,1,4.55,
1752,6.983285736,0.669230769,0.045260942,0.056885765,0.054187362,0.085238155,1,4.55,
1753,6.799917183,0.646153846,0.045152762,0.056885765,0.054869394,0.085276265,1,4.55,
1754,7.151373576,0.623076923,0.045816875,0.056885765,0.055949176,0.088675901,1,4.55,
1755,6.723513619,0.607692308,0.046017947,0.056885765,0.054534564,0.085481003,1,4.55,
1756,6.998566449,0.592307692,0.043815273,0.056885765,0.054248683,0.086798311,1,4.55,
1757,8.526637725,0.623076923,0.046189775,0.052239793,0.054694694,0.084940428,1,4.55,
1758,8.4960763,0.669230769,0.046051183,0.064151221,0.055304413,0.086533806,1,4.55,
1759,7.823724938,0.761538462,0.046227019,0.062480801,0.054858202,0.084760376,1,4.55,
1760,7.472268544,0.738461538,0.048135621,0.059163431,0.055910752,0.090860028,1,4.55,
1761,7.136092863,0.692307692,0.047125698,0.063164676,0.056325238,0.088944374,1,4.55,
1762,7.426426406,0.730769231,0.04681279,0.063443987,0.05642632,0.087922625,1,4.55,
1763,7.609794959,0.730769231,0.046555934,0.060825215,0.057179058,0.087622706,1,4.55,
1764,8.297427034,0.676923077,0.046304885,0.060329562,0.056599192,0.089604287,1,4.55,
1765,8.587760577,0.684615385,0.047604222,0.058321513,0.058670187,0.088282258,1,4.55,
1766,8.679444853,0.753846154,0.048433197,0.061111308,0.060453273,0.087134087,1,4.55,
1767,9.183708375,0.730769231,0.053876235,0.058983127,0.058978603,0.08781964,1,4.55,
1768,9.076743385,0.692307692,0.048115889,0.066251548,0.059471114,0.087674857,1,4.55,
1769,8.343269172,0.715384615,0.048054437,0.061171618,0.059993529,0.090001574,1,4.55,
1770,8.297427034,0.769230769,0.048317241,0.062815184,0.060567153,0.088886757,1,4.55,
1771,9.015620534,0.738461538,0.050398099,0.068697062,0.060181964,0.090343508,1,4.55,
1772,9.978305439,0.838461538,0.050607231,0.065893264,0.062669113,0.091743823,1,4.55,
1773,9.947744013,0.776923077,0.049048297,0.064950876,0.062141728,0.091010161,1,4.55,
1774,10.03942829,0.746153846,0.051260192,0.068163677,0.06262789,0.089781161,1,4.55,
1775,9.474041917,0.707692308,0.05181245,0.066067618,0.062561915,0.092869118,1,4.55,
1776,9.260111938,0.807692308,0.053940925,0.06749062,0.065422662,0.093326133,1,4.55,
1777,9.229550513,0.984615385,0.053288922,0.066328835,0.064480233,0.096241934,1,4.55,
1778,9.611568332,1.276923077,0.052327731,0.069102702,0.063608475,0.097635598,1,4.55,
1779,8.786409843,1.130769231,0.051656884,0.069668482,0.063705552,0.095537149,1,4.55,
1780,8.4960763,1.269230769,0.052737272,0.065628446,0.062218147,0.096656762,1,4.55,
1781,8.832251981,1.530769231,0.056153862,0.066902292,0.064051197,0.095119706,1,4.55,
1782,9.030901247,1.123076923,0.056836656,0.069464354,0.065506784,0.095253348,1,4.55,
1783,10.10055114,0.984615385,0.056700921,0.067548498,0.06330148,0.09564794,1,4.55,
1784,10.16167399,0.946153846,0.055345174,0.070062348,0.065882622,0.097975472,1,4.55,
1785,9.749094747,0.9,0.053542004,0.069869403,0.06438365,0.09753372,1,4.55,
1786,9.749094747,0.876923077,0.052835138,0.069852077,0.063282429,0.097962638,1,4.55,
1787,9.703252609,0.861538462,0.053717319,0.069534555,0.063828941,0.098997655,1,4.55,
1788,10.08527043,0.823076923,0.054631381,0.071753263,0.064117332,0.099653798,1,4.55,
1789,9.947744013,0.815384615,0.054428911,0.074075143,0.06214614,0.100596369,1,4.55,
1790,10.13111257,0.846153846,0.061258491,0.074605485,0.06807491,0.100149009,1,4.55,
1791,10.11583185,0.869230769,0.064689019,0.07429398,0.066340841,0.103749689,1,4.555808656,
1792,10.26863898,0.884615385,0.059995314,0.074822761,0.069017888,0.106311681,1,4.466279589,
1793,10.55897252,0.915384615,0.061946708,0.075524237,0.071826444,0.110818327,1,4.508566276,
1794,11.3688503,1.015384615,0.060040928,0.077693704,0.073282784,0.110422417,1,4.748338082,
1795,12.6829916,1.161538462,0.060337057,0.077963996,0.074318634,0.11203924,1,4.526935265,
1796,13.50815009,1.223076923,0.065403545,0.082949644,0.076148677,0.115526988,1,4.286326618,
1797,12.14816665,1.176923077,0.066849743,0.082864871,0.082321615,0.117642006,1,4.436557232,
1798,11.88839453,1.138461538,0.068151861,0.086731074,0.082255126,0.121097882,1,4.387889425,
1799,13.35534296,1.138461538,0.070181761,0.089078377,0.081778691,0.118660344,1,4.132231405,
1800,18.21460962,1.161538462,0.074302936,0.093789924,0.083264085,0.126587548,1,4.547521601,
1801,20.36919012,1.176923077,0.074632082,0.085362119,0.086528367,0.136671625,1,4.380201489,
1802,15.6780113,0.992307692,0.074220357,0.086905248,0.089590681,0.141088189,1,4.484304933,
1803,14.74588782,1.046153846,0.076581341,0.118899682,0.095224409,0.141100323,1,4.541326067,
1804,15.21958992,1.092307692,0.080183637,0.115129471,0.095956053,0.150279388,1,4.551661356,
1805,17.69506539,1.084615385,0.083316571,0.11375449,0.103643933,0.153301282,1,4.347826087,
1806,16.90046832,1.130769231,0.083751951,0.112580805,0.106853668,0.156000178,1,4.432624113,
1807,16.59485407,1.069230769,0.081816134,0.112265525,0.113170135,0.158365262,1,4.424778761,
1808,17.16024044,1.161538462,0.087031443,0.119123638,0.110064693,0.16512754,1,4.625346901,
1809,18.82583813,1.138461538,0.092133855,0.121748096,0.110294527,0.167037635,1,4.574565416,
1810,19.42178593,1.138461538,0.091515418,0.125737579,0.116024376,0.172735435,1,4.299226139,
1811,18.85639956,1.215384615,0.09501136,0.115851747,0.125118252,0.179694673,1,3.816793893,
1812,21.34715574,1.230769231,0.103116402,0.126426906,0.124831435,0.183883269,1,3.616636528,
1813,21.88198069,1.476923077,0.107067498,0.131081796,0.129664106,0.188301076,1,3.749531309,
1814,19.10089096,1.623076923,0.101283697,0.136125142,0.126707377,0.191646235,1,4.240882103,
1815,17.05327545,1.423076923,0.095165593,0.139921483,0.131140243,0.189143152,1,4.904364885,
1816,30.91288193,1.3,0.089383622,0.137656084,0.127257082,0.184505477,1,5.224660397,
1817,17.74090753,1.230769231,0.095021907,0.134247529,0.122774619,0.178220785,1,4.601932812,
1818,17.78674966,1.176923077,0.092013146,0.140428776,0.119787975,0.175739915,1,4.500450045,
1819,17.35888971,1.176923077,0.093290237,0.141168389,0.117562288,0.180839364,1,4.512635379,
1820,15.73913415,1.084615385,0.095035971,0.139136216,0.117166185,0.178924897,1,4.522840344,
1821,13.84432577,1.046153846,0.087544345,0.133296348,0.115205709,0.174783864,1,4.821600771,
1822,11.9647981,1.084615385,0.075735837,0.120867672,0.105666754,0.170017802,1,4.977600796,
1823,12.77467588,0.969230769,0.078386166,0.123825068,0.1094506,0.167173158,1,4.800768123,
1824,13.87488719,0.892307692,0.08244179,0.146480956,0.107767088,0.168356566,1,4.866180049,
1825,16.2739591,0.915384615,0.087091254,0.137530598,0.112363967,0.178271942,1,4.830917874,
1826,15.38767776,0.915384615,0.086553391,0.127710454,0.115249035,0.17781206,1,4.918839154,
1827,14.37915072,0.923076923,0.085156306,0.138899052,0.1147333,0.180502052,1,4.935834156,
1828,13.96657147,0.876923077,0.08439857,0.135566043,0.112577211,0.180147714,1,4.928536225,
1829,13.82904506,0.861538462,0.084882034,0.139465802,0.115207668,0.176527408,1,4.861448712,
1830,13.32478154,0.853846154,0.082631624,0.13,0.119265286,0.179405418,1,4.761904762,
1831,14.65420355,0.8,0.087649373,0.135,0.115314976,0.174951212,1,4.859086492,
1832,13.56927294,0.792307692,0.087295548,0.13,0.111929063,0.175661728,1,4.859086492,
1833,12.74411445,0.776923077,0.084170497,0.13,0.113846529,0.178192628,1,4.786979416,
1834,11.75086812,0.792307692,0.081149121,0.131666667,0.110800945,0.173279717,1,4.638218924,
1835,11.94951739,0.815384615,0.078626631,0.131666667,0.108271754,0.184645939,1,4.849660524,
1836,13.26365868,0.861538462,0.078795151,0.135,0.124465467,0.178064376,1,4.816955684,
1837,13.73736078,0.884615385,0.083228053,0.153333333,0.123243529,0.182357701,1,5.099439062,
1838,13.69151864,0.861538462,0.084142809,0.141666667,0.11936575,0.176519994,1,4.885197851,
1839,14.68476497,0.861538462,0.087433671,0.143333333,0.121045234,0.178013813,1,4.985044865,
1840,14.9598178,0.8,0.08910019,0.138333333,0.108507935,0.172435654,1,5,
1841,14.60836141,0.807692308,0.089442187,0.128333333,0.12270478,0.181802357,1,4.99001996,
1842,13.50815009,0.753846154,0.088885539,0.125,0.126728158,0.182967428,1,4.79616307,
1843,11.98007881,0.684615385,0.08517879,0.118333333,0.13490439,0.178926507,1,4.786979416,
1844,11.9647981,0.692307692,0.086094925,0.121666667,0.117000512,0.175916974,1,4.859086492,
1845,12.54546518,0.7,0.086364306,0.131666667,0.120322942,0.180623571,1,4.870920604,
1846,13.04972871,0.7,0.08805525,0.136666667,0.1214094,0.179070064,1,4.816955684,
1847,14.62364212,0.761538462,0.091364908,0.138333333,0.117478614,0.187103539,1,4.793863854,
1848,12.85107944,0.730769231,0.089300712,0.125,0.118876758,0.18097233,1,4.868549172,
1849,12.04120166,0.707692308,0.085223691,0.125,0.12138682,0.184831232,1,4.814636495,
1850,11.26188531,0.723076923,0.077539964,0.125,0.121360901,0.183875823,1,4.870920604,
1851,11.26188531,0.707692308,0.079733073,0.128333333,0.11740867,0.181141892,1,4.914004914,
1852,11.3688503,0.715384615,0.082305132,0.131666667,0.118684268,0.180954507,1,4.901960784,
1853,13.20253583,0.715384615,0.087543032,0.145,0.122981109,0.187005617,1,4.887585533,
1854,14.7153264,0.776923077,0.098332192,0.166666667,0.126541555,0.193091594,1,4.8828125,
1855,14.82229139,0.8,0.100145133,0.175,0.126541176,0.192876224,1,4.885197851,
1856,14.70004568,0.784615385,0.101820093,0.183333333,0.126762436,0.193908162,1,4.909180167,
1857,14.9598178,0.807692308,0.09798138,0.165,0.124440508,0.193091208,1,4.88997555,
1858,15.21958992,0.761538462,0.095838402,0.153333333,0.131309713,0.194065874,1,4.859086492,
1859,14.1193786,0.769230769,0.099582004,0.155,0.138301731,0.199055694,1,4.89955904,
1860,15.28071277,0.769230769,0.092055666,0.16,0.137017377,0.204668717,1,4.849660524,
1861,15.14318635,0.815384615,0.095049562,0.163333333,0.140308666,0.207951246,1,4.77326969,
1862,15.00565994,0.930769231,0.097881392,0.163333333,0.136709981,0.210321572,1,5.558643691,
1863,13.30950082,1.161538462,0.094255244,0.165,0.146462842,0.208187404,1,7.077140835,
1864,13.95129076,1.453846154,0.093448872,0.176666667,0.13861534,0.210534525,1,9.970089731,
1865,14.39443143,1.507692308,0.095039107,0.186666667,0.135614155,0.216979452,1,7.692307692,
1866,15.06678279,1.469230769,0.100390588,0.2,0.138030097,0.226041058,1,6.877579092,
1867,15.64744988,1.369230769,0.104926852,0.183333333,0.146673167,0.233135459,1,6.752194463,
1868,15.00565994,1.315384615,0.107791786,0.171666667,0.14787743,0.236198997,1,6.825938567,
1869,14.47083499,1.261538462,0.103568213,0.17,0.168785007,0.243047441,1,6.485084306,
1870,14.42499285,1.207692308,,,,,1,5.586592179,
1871,15.35711633,1.130769231,,,,,1,5.458515284,
1872,16.0294677,1.130769231,,,,,1,5.443658138,
1873,16.71709977,1.107692308,,,,,1,5.546311703,
1874,16.54901193,1.053846154,,,,,1,5.420054201,
1875,15.23487063,1.015384615,,,,,1,5.589714925,
1876,15.93778342,0.992307692,,,,,1,5.422993492,
1877,15.46408132,0.969230769,,,,,1,5.076142132,
1878,14.89869495,0.923076923,,,,,1,4.88997555,
1879,14.07353646,0.923076923,,,,,1,4.854368932,
1880,13.6456765,0.946153846,,,,,1,4.84496124,
1881,14.10409789,0.946153846,,,,,1,4.830917874,
1882,13.26365868,0.946153846,,,,,1,4.870920604,
1883,13.75264149,0.930769231,,,,,1,4.849660524,
1884,12.45378091,0.907692308,,,,,1,4.854368932,
1885,11.93423667,0.892307692,,,,,1,4.856726566,
1886,10.81874464,0.869230769,,,,,1,4.861448712,
1887,11.10907818,0.876923077,,,,,1,4.852013586,
1888,11.04795533,0.876923077,,,,,1,4.870920604,
1889,11.03267462,0.853846154,,,,,1,4.868549172,
1890,11.01739391,0.838461538,,,,,1,4.861448712,
1891,11.6133417,0.838461538,,,,,1,4.861448712,
1892,11.58278028,0.838461538,,,,,1,4.873294347,
1893,10.63537609,0.830769231,,,,,1,4.86381323,
1894,11.41469244,0.792307692,,,,,1,4.87804878,
1895,11.26188531,0.776923077,,,,,1,4.887585533,
1896,11.01739391,0.776923077,,,,,1,4.870920604,
1897,11.20076246,0.769230769,,,,,1,4.86381323,
1898,11.41469244,0.769230769,,,,,1,4.847309743,
1899,11.04795533,0.769230769,,,,,1,4.86381323,
1900,11.55221885,0.776923077,,,,,1,4.86381323,
1901,11.46053458,0.784615385,,,,,1,4.873294347,
1902,11.20076246,0.792307692,,,,,1,4.870920604,
1903,11.67446456,0.815384615,,,,,1,4.86381323,
1904,11.46053458,0.823076923,,,,,1,4.868549172,
1905,11.50637672,0.815384615,,,,,1,4.86381323,
1906,11.81199097,0.830769231,,,,,1,4.852013586,
1907,11.99535952,0.869230769,,,,,1,4.859086492,
1908,12.13288594,0.853846154,,,,,1,4.866180049,
1909,12.30097378,0.838461538,,,,,1,4.873294347,
1910,11.55221885,0.876923077,,,,,1,4.86381323,
1911,11.44525386,0.876923077,,,,,1,4.861448712,
1912,11.6133417,0.9,,,,,1,4.866180049,
1913,11.87311382,0.915384615,,,,,1,4.868549172,
1914,13.34006225,0.923076923,,,,,1,4.930966469,
1915,15.3112742,0.930769231,,,,,1,4.75737393,
1916,19.20785595,1,,,,,1,4.766444233,
1917,22.84466559,1.176923077,,,,,1,4.764173416,
1918,29.03335426,1.384615385,,,,,1,4.764173416,
1919,26.2064224,1.592307692,,,,,1,4.426737494,
1920,30.13356558,1.846153846,,,,,1,3.664345914,
1921,23.82263121,1.646153846,,,,,1,3.849114704,
1922,19.43706664,1.538461538,,,,,1,4.428697963,
1923,20.07885658,1.569230769,,,,,1,4.574565416,
1924,20.23166371,1.569230769,,,,,1,4.416961131,
1925,29.03335426,1.615384615,,,,,1,4.828585225,
1926,18.33685532,1.623076923,,,,,1,4.859086492,
1927,17.38945113,1.6,,,,,1,4.861448712,
1928,17.26720543,1.576923077,,,,,1,4.866180049,
1929,17.57281969,1.576923077,,,,,1,4.856726566,
1930,14.82229139,1.538461538,,,,,1,4.861448712,
1931,13.32478154,1.4,,,,,1,4.535147392,
1932,12.37737734,1.253846154,,,,,1,3.50631136,
1933,12.86636015,1.192307692,,,,,1,4.237288136,
1934,14.28746644,1.230769231,,,,,1,5.037783375,
1935,13.35534296,1.261538462,,,,,1,4.901960784,
1936,14.08881717,1.276923077,,,,,1,4.970178926,
1937,14.82229139,1.323076923,,,,,1,4.943153732,
1938,14.82229139,1.3,,,,,1,4.88997555,
1939,14.05825575,1.276923077,,,,,1,4.4345898,
1940,18.3062939,1.292307692,,,,,1,3.829950211,
1941,20.75120794,1.353846154,,,,,1,4.032258065,
1942,24.7700354,1.5,,,,,1,4.03551251,
1943,24.93812324,1.592307692,,,,,1,4.03551251,
1944,25.76328173,1.615384615,,,,,1,4.03551251,
1945,26.54259808,1.653846154,,,,,1,4.030632809,
1946,27.49000227,1.792307692,,,,,1,4.032258065,
1947,30.01131988,2.053846154,,,,,1,4.029008864,
1948,32.33398822,2.215384615,,,,,1,4.030632809,
1949,36.58202637,2.192307692,,,,,1,3.687315634,
1950,36.68899136,2.215384615,,,,,1,2.801120448,
1951,42.51094293,2.384615385,,,,,1,2.80033604,
1952,46.36168254,2.438461538,,,,,1,2.793296089,
1953,43.42778569,2.461538462,,,,,1,2.812939522,
1954,44.48215487,2.469230769,,,,,1,2.808988764,
1955,46.22415613,2.461538462,,,,,1,2.790957298,
1956,47.70638527,2.5,,,,,1,2.795638803,
1957,49.46366724,2.584615385,,,,,1,2.793296089,
1958,50.93061566,2.661538462,,,,,1,2.809778028,
1959,51.26679134,2.676923077,,,,,1,2.808988764,
1960,51.77105486,2.723076923,,,,,1,2.808199944,
1961,53.51305612,2.753846154,,,,,1,2.801905296,
1962,54.93416241,2.784615385,,,,,1,2.808199944,
1963,56.03437373,2.815384615,,,,,1,2.80033604,
1964,57.83749783,2.853846154,,,,,1,2.79173646,
1965,60.61858756,2.9,,,,,1,2.795638803,
1966,63.00237875,2.984615385,,,,,1,2.793296089,
1967,64.56101145,3.069230769,,,,,1,2.750275028,
1968,67.58659258,3.2,,,,,1,2.394062724,
1969,71.26924436,3.369230769,,,,,1,2.390057361,
1970,75.79233534,3.569230769,,,,,1,2.395783421,
1971,82.95898963,3.723076923,,,,,1,2.443792766,
1972,88.88790618,3.846153846,,,,,1,2.501250625,
1973,96.97140324,4.084615385,,,,,1,2.450980392,
1974,112.5271688,4.538461538,,,,,1,2.339728591,
1975,139.7726797,4.946153846,,,,,1,2.222222222,
1976,162.953521,5.230769231,,,,,1,1.805054152,
1977,188.1208549,5.576923077,,,,,1,1.744896179,
1978,204.394814,6,,,,,1,1.91791331,
1979,231.7625706,6.676923077,,,,,1,2.121790791,
1980,273.4025129,7.576923077,,,,,1,2.326122354,
1981,305.8893082,8.361538462,,,,,1,2.023881805,
1982,332.2179763,8.876923077,,,,,1,1.747946163,
1983,347.452847,9.161538462,,,,,1,1.516070346,
1984,364.7658945,9.561538462,,,,,1,1.337077149,
1985,386.9687702,9.9,,,,,1,1.297016861,
1986,400.1407446,10.08461538,,,,,1,1.467997651,
1987,416.8272829,10.45384615,,,,,1,1.639881929,
1988,437.2881573,10.88461538,,,,,1,1.7809439,
1989,471.2266204,11.40769231,,,,,1,1.638001638,
1990,515.8157403,12.02307692,,,,,1,1.78412132,
1991,554.2772943,12.53076923,,,,,1,1.76709666,
1992,577.5569407,12.90669231,,,,,1,1.76584849,
1993,591.9681503,13.29514615,,,,,1,1.501952538,
1994,604.1622508,13.63347692,,,,,1,1.532097441,
1995,619.682015,14.02193077,,,,,1,1.579030475,
1996,634.647502,14.43544615,,,,,1,1.561036528,
1997,646.2873251,14.76124615,,,,,1,1.638001638,
1998,656.2643164,14.99933077,,,,,1,1.657000829,
1999,665.1327532,15.32513077,,,,,1,1.617076326,
2000,670.6755261,15.83889231,,,,,1,1.515610791,
2001,678.9896855,16.29,,,,,1,1.439677512,
2002,687.3038449,16.55314615,,,,,1,1.502403846,
2003,696.7265589,16.92906923,,,,,1,1.634788295,
2004,706.1492729,17.38017692,,,,,1,1.832844575,
2005,720.5604826,17.96912308,,,,,1,1.820498817,
2006,737.1888014,18.54553846,,,,,1,1.843317972,
2007,754.3713975,19.07183077,,,,,1,2.002002002,
2008,781.530985,19.81114615,,,,,1,1.854599407,
2009,798.7135811,19.73596154,,,,,1,1.566170713,
2010,824.7646139,20.06176154,,,,,1,1.545117429,
2011,861.9011926,20.70083077,,,,,1,1.60436387,
2012,886.2893936,21.12687692,,,,,1,1.585539876,
2013,909.0147626,21.42761538,,,,,1,1.564210856,
2014,922.3174177,21.77847692,,,,,1,1.648532806,
2015,922.871695,21.80353846,,,,,1,1.528584531,
2016,928.4144679,22.07921538,,,,,1,1.350256549,
2017,953.3569462,22.55538462,,,,,1,1.287001287,
2018,977.1908698,23.10673846,,,,,1,1.334044824,
2019,994.9277433,23.52025385,,,,,1,1.282051282,
2020,1003.241903,23.80846154,,,,,1,1.282051282,
2021,1029.292936,24.93623077,,,,,1,1.369863014,
2022,1122.965798,26.92862308,,,,,1,1.2369,
2023,1206.065267,27.56683145,,,,,1,1.2101,
